<?xml version="1.0" encoding="UTF-8" standalone="yes"?>
<addon id="plugin.program.Kryptobuilds" name="[COLOR yellow]-[COLOR blue][B]Krypto Builds[/B][COLOR yellow]-[/COLOR]" version="3.0" provider-name="[COLOR red]Krypto Builds[/COLOR]">
  <requires>
    <import addon="xbmc.python" version="2.1.0"/>
  </requires>
  <extension point="xbmc.python.pluginsource" library="default.py">
        <provides>executable</provides>
  </extension>
  <extension point="xbmc.service" library="startup.py" start="startup" />
  <extension point="xbmc.addon.metadata">
    <summary lang="en">KryptoBuilds Wizard</summary>
    <description lang="en">KryptoBuilds allows you to get access to the latest Custom Builds for Xbox One and PC.</description>
    <platform>all</platform>
  </extension>
</addon>